from,to
"Brenna","Allison"
"Brenna","Uqbah"
"Brenna","Yesenia"
"Brenna","Dylan"
"Brenna","Jacob"
"Brenna","Joseph"
"Brenna","Roger"
"Brenna","Jordan"
"Brenna","Joshua"
"Brenna","Tristan"
"Brenna","Abigail"
"Brenna","Marwaan"
"Brenna","Aleena"
"Brenna","Joshua"
"Brenna","Dakota"
"Brenna","Brittany"
"Allison","Brenna"
"Allison","Uqbah"
"Allison","Yesenia"
"Allison","Roger"
"Allison","Marwaan"
"Allison","Aleena"
"Allison","Joshua"
"Allison","Dakota"
"Allison","Jetsemani"
"Uqbah","Brenna"
"Uqbah","Allison"
"Uqbah","Yesenia"
"Uqbah","Roger"
"Uqbah","Jordan"
"Uqbah","Michael"
"Uqbah","Marwaan"
"Uqbah","Karla"
"Uqbah","Eisley"
"Uqbah","Lidia"
"Yesenia","Brenna"
"Yesenia","Allison"
"Yesenia","Uqbah"
"Yesenia","Roger"
"Yesenia","Abigail"
"Yesenia","Marwaan"
"Dylan","Brenna"
"Dylan","Joseph"
"Dylan","Joshua"
"Jacob","Brenna"
"Jacob","Joseph"
"Jacob","Joshua"
"Jacob","Taaha"
"Joseph","Brenna"
"Joseph","Dylan"
"Joseph","Jacob"
"Joseph","Taaha"
"Roger","Brenna"
"Roger","Allison"
"Roger","Uqbah"
"Roger","Yesenia"
"Jordan","Brenna"
"Jordan","Uqbah"
"Jordan","Jetsemani"
"Jordan","Lidia"
"Jordan","Devon"
"Michael","Uqbah"
"Michael","Devon"
"Joshua","Brenna"
"Joshua","Dylan"
"Joshua","Jacob"
"Tristan","Brenna"
"Abigail","Brenna"
"Abigail","Yesenia"
"Marwaan","Brenna"
"Marwaan","Allison"
"Marwaan","Uqbah"
"Marwaan","Yesenia"
"Marwaan","Devon"
"Amanda","Lidia"
"Amanda","Devon"
"Sadeeqa","Lidia"
"Sadeeqa","Devon"
"Taaha","Jacob"
"Taaha","Joseph"
"Aleena","Brenna"
"Aleena","Allison"
"Maggie Rose","Lidia"
"Maggie Rose","Devon"
"Joshua","Brenna"
"Joshua","Allison"
"Joshua","Devon"
"Blas","Lidia"
"Blas","Devon"
"Dakota","Brenna"
"Dakota","Allison"
"Lucia","Lidia"
"James","Weilun"
"James","Karla"
"James","Marcelo"
"James","Lidia"
"James","Devon"
"Joshua","Weilun"
"Joshua","Karla"
"Joshua","Brittany"
"Weilun","James"
"Weilun","Joshua"
"Weilun","Brittany"
"John","Marcelo"
"John","Devon"
"Karla","Uqbah"
"Karla","James"
"Karla","Joshua"
"Karla","Devon"
"Eisley","Uqbah"
"Eisley","Brittany"
"Eisley","Devon"
"Marcelo","James"
"Marcelo","John"
"Marcelo","Lidia"
"Marcelo","Devon"
"Jetsemani","Allison"
"Jetsemani","Jordan"
"Jetsemani","Lidia"
"Jetsemani","Devon"
"Brittany","Brenna"
"Brittany","Joshua"
"Brittany","Weilun"
"Brittany","Eisley"
"Brittany","Lidia"
"Brittany","Devon"
"Lidia","Uqbah"
"Lidia","Jordan"
"Lidia","Amanda"
"Lidia","Sadeeqa"
"Lidia","Maggie Rose"
"Lidia","Blas"
"Lidia","Lucia"
"Lidia","James"
"Lidia","Marcelo"
"Lidia","Jetsemani"
"Lidia","Brittany"
"Lidia","Devon"
"Devon","Jordan"
"Devon","Michael"
"Devon","Marwaan"
"Devon","Amanda"
"Devon","Sadeeqa"
"Devon","Maggie Rose"
"Devon","Joshua"
"Devon","Blas"
"Devon","James"
"Devon","John"
"Devon","Karla"
"Devon","Eisley"
"Devon","Marcelo"
"Devon","Jetsemani"
"Devon","Brittany"
"Devon","Lidia"
